{
  "n_subjects": 35,
  "best_model": "Mix2_phi+e-1",
  "best_bic": -56.06389889696392,
  "models": {
    "Single_phi": {
      "bic": -6.414771294077651,
      "nll": -4.985059677783532,
      "k": 1
    },
    "Single_e-1": {
      "bic": -39.926200933882,
      "nll": -21.740774497685706,
      "k": 1
    },
    "Single_2:1": {
      "bic": -3.207418940902604,
      "nll": -3.3813835011960087,
      "k": 1
    },
    "Single_free": {
      "bic": -56.011838073815525,
      "nll": -31.561267098397177,
      "k": 2
    },
    "Mix2_phi+harm": {
      "bic": -48.89242413109143,
      "nll": -33.33458221926925,
      "k": 5
    },
    "Mix2_phi+e-1": {
      "bic": -56.06389889696392,
      "nll": -36.920319602205495,
      "k": 5
    },
    "Mix2_free": {
      "bic": -48.89429728532218,
      "nll": -33.335518796384626,
      "k": 5
    },
    "Mix3_phi_e1_harm": {
      "bic": -44.88527893221496,
      "nll": -36.66403171206513,
      "k": 8
    }
  }
}