{
  "n_subjects": 37,
  "pac_mi_mean": 0.0002659230327219894,
  "pac_mi_sd": 0.00011556365941302273,
  "pac_vs_pci_r": -0.15864319769548293,
  "pac_vs_pci_p": 0.34833400620193755,
  "pac_vs_ratio_r": 0.21126380091803762,
  "pac_vs_ratio_p": 0.20941143531463427,
  "tg_ratio_mean": 6.302240114312489,
  "tg_ratio_sd": 0.26435786478234624,
  "tg_phi4": 6.854101965404252,
  "tg_err_pct": 8.051555898602896,
  "tg_t": -12.52533609800777,
  "tg_p": 1.0994039185466602e-14,
  "ratio_matrix": [
    [
      1.0,
      2.772478641591238,
      4.994211131163656,
      9.960580997909583,
      17.441002811540017
    ],
    [
      0.361621956579015,
      1.0,
      1.8063259430126954,
      3.6035990092390118,
      6.302240114312489
    ],
    [
      0.20050229618835574,
      0.5560215406282625,
      1.0,
      1.9949693917354245,
      3.4949187886747044
    ],
    [
      0.10065639458490545,
      0.2792351089772319,
      0.5021807633470683,
      1.0,
      1.7542436313983882
    ],
    [
      0.05737955134659957,
      0.15896038360591175,
      0.28639543152480823,
      0.5710831654153009,
      1.0
    ]
  ]
}