{
  "n_subjects": 35,
  "ratio_med_mean": 1.604188730607817,
  "ratio_think_mean": 1.6430534825427252,
  "diff_mean": -0.038864751934908,
  "diff_sd": 0.12899189114929902,
  "cohens_d": -0.30129608604563207,
  "cliffs_delta": -0.4857142857142857,
  "t_paired": -1.7824916833816062,
  "p_paired": 0.0836012643244963,
  "w_stat": 171.0,
  "p_wilcoxon": 0.017407259438186884,
  "bf10": 0.49427382835397354,
  "toward_phi": 21,
  "away_phi": 14,
  "toward_phi_pct": 60.0,
  "theta_med_mean": 6.18640027661274,
  "theta_think_mean": 6.106056237174273,
  "theta_t": 1.3135287660855917,
  "theta_p": 0.1978000437704236,
  "alpha_med_mean": 9.881546060881549,
  "alpha_think_mean": 9.970462490187467,
  "alpha_t": -1.84327401749949,
  "alpha_p": 0.07402083171030217,
  "bootstrap_ci_lo": -0.08051085863861389,
  "bootstrap_ci_hi": 0.005120495508813692,
  "bootstrap_prop_neg": 0.96,
  "phi_org_med_pct": 94.28571428571428,
  "phi_org_think_pct": 80.0
}