{
  "n_subjects": 37,
  "kmeans_silhouettes": {
    "2": 0.568930589905479,
    "3": 0.5931531102226829,
    "4": 0.6196062139393878
  },
  "best_k_kmeans": 4,
  "gmm_bics": {
    "1": -47.68038251734549,
    "2": -42.36642179925649,
    "3": -38.20689810742279,
    "4": -46.06669504678834
  },
  "best_k_gmm": 1,
  "dip_stat": 0.28161888433624255,
  "dip_p": -1.0,
  "bimodal": false,
  "attractor_counts": {
    "phi": 2,
    "e-1": 24,
    "2:1": 9,
    "pi/2": 2
  },
  "between_var": 0.01327701667370249,
  "mean_within_var": 0.004863438101683331,
  "var_ratio": 2.729965180210077,
  "switchers": 25,
  "switchers_pct": 67.56756756756756
}