{
  "n_subjects": 37,
  "n_fooof_success": 37,
  "n_peak_success": 6,
  "slope_mean": 1.257274357139809,
  "slope_sd": 0.3032743491747484,
  "slope_vs_pci_r": 0.21964341896206444,
  "slope_vs_pci_p": 0.19148434635363862,
  "slope_vs_ratio_r": -0.32676951108835983,
  "slope_vs_ratio_p": 0.0483811546365713,
  "raw_mean_ratio": 1.8063259430126954,
  "raw_phi_err": 11.637082757697668,
  "raw_pci_rate": 43.24324324324324,
  "fooof_mean_ratio": 1.735418275366287,
  "fooof_phi_err": 7.254747890716364,
  "fooof_pci_rate": 75.67567567567568,
  "fooof_t": 6.005800119622746,
  "fooof_p": 6.826662384339703e-07,
  "peak_mean_ratio": 1.4361557559443048,
  "peak_phi_err": 11.240692966025032,
  "peak_pci_rate": 100.0,
  "sim_1f_mean": 1.7880910301191681,
  "sim_1f_phi_err": 10.510103162653559,
  "sim_1f_pci_rate": 98.2,
  "real_vs_1f_U": 23712.0,
  "real_vs_1f_p": 0.9982138411634792
}