{
  "N": 244,
  "empirical_mean": 1.7783112468399898,
  "empirical_std": 0.10783050925444103,
  "constants_tested": {
    "e\u22121": 1.718281828459045,
    "\u221a\u03c0": 1.7724538509055159,
    "7/4": 1.75,
    "\u221a3": 1.7320508075688772,
    "\u221ae": 1.6487212707001282,
    "e/\u03c6": 1.679990560988901,
    "\u03c6": 1.618033988749895,
    "empirical": 1.7783112468399898
  },
  "winner_counts": {
    "e\u22121": 25,
    "\u221a\u03c0": 12,
    "7/4": 15,
    "\u221a3": 11,
    "\u221ae": 14,
    "e/\u03c6": 24,
    "\u03c6": 15,
    "empirical": 128
  },
  "mean_distances": {
    "e\u22121": {
      "mean": 0.0991123569673996,
      "median": 0.08045416904662173,
      "std": 0.07353700084714723
    },
    "\u221a\u03c0": {
      "mean": 0.08561210654641656,
      "median": 0.07473343607011285,
      "std": 0.06582017187679096
    },
    "7/4": {
      "mean": 0.08903581610187158,
      "median": 0.07364459548261537,
      "std": 0.06709373200814382
    },
    "\u221a3": {
      "mean": 0.09408581475034697,
      "median": 0.07578953107553699,
      "std": 0.0701092463972604
    },
    "\u221ae": {
      "mean": 0.14422757773595715,
      "median": 0.13743115419069474,
      "std": 0.08728909704207274
    },
    "e/\u03c6": {
      "mean": 0.12040281431530095,
      "median": 0.11079984273279109,
      "std": 0.08244718489588182
    },
    "\u03c6": {
      "mean": 0.17090569963835536,
      "median": 0.16587383469033123,
      "std": 0.09004143500675238
    },
    "empirical": {
      "mean": 0.08526468596798657,
      "median": 0.0750207458706168,
      "std": 0.06601024202995111
    }
  },
  "permutation_test": {
    "e1_wins": 25,
    "p_value": 0.8782,
    "n_permutations": 5000
  },
  "aic_results": {
    "e\u22121": {
      "mu": 1.718281828459045,
      "sigma": 0.12341373423256659,
      "log_likelihood": 164.27893945246586,
      "aic": -326.5578789049317,
      "bic": -323.06071067963853,
      "k": 1
    },
    "\u221a\u03c0": {
      "mu": 1.7724538509055159,
      "sigma": 0.10798948010433833,
      "log_likelihood": 196.8550348806848,
      "aic": -391.7100697613696,
      "bic": -388.2129015360764,
      "k": 1
    },
    "7/4": {
      "mu": 1.75,
      "sigma": 0.11148518028736787,
      "log_likelihood": 189.08171852736376,
      "aic": -376.1634370547275,
      "bic": -372.66626882943433,
      "k": 1
    },
    "\u221a3": {
      "mu": 1.7320508075688772,
      "sigma": 0.11733476453135439,
      "log_likelihood": 176.60370133559667,
      "aic": -351.20740267119334,
      "bic": -347.71023444590014,
      "k": 1
    },
    "\u221ae": {
      "mu": 1.6487212707001282,
      "sigma": 0.1685852325739178,
      "log_likelihood": 88.1755713883876,
      "aic": -174.3511427767752,
      "bic": -170.853974551482,
      "k": 1
    },
    "e/\u03c6": {
      "mu": 1.679990560988901,
      "sigma": 0.1459259263883583,
      "log_likelihood": 123.3950959422901,
      "aic": -244.7901918845802,
      "bic": -241.293023659287,
      "k": 1
    },
    "\u03c6": {
      "mu": 1.618033988749895,
      "sigma": 0.19317406188966196,
      "log_likelihood": 54.954921530945484,
      "aic": -107.90984306189097,
      "bic": -104.41267483659776,
      "k": 1
    },
    "empirical": {
      "mu": 1.7783112468399898,
      "sigma": 0.10783050925444103,
      "log_likelihood": 197.2144908745929,
      "aic": -392.4289817491858,
      "bic": -388.93181352389263,
      "k": 1
    },
    "free_fit": {
      "mu": 1.7783112468399898,
      "sigma": 0.10783050925444103,
      "log_likelihood": 197.2144908745929,
      "aic": -390.4289817491858,
      "bic": -383.43464529859943,
      "k": 2
    }
  },
  "best_aic": "empirical",
  "best_bic": "empirical",
  "empirical_beats_all": true,
  "datasets": {
    "AW": 37,
    "DS003969": 98,
    "EEGBCI": 109
  }
}