{
  "dip_test": {
    "statistic": 0.01630574400601777,
    "p_value": 0.9633931798509203
  },
  "n_kde_peaks": 1,
  "gmm_best_k": 1,
  "excess_at_constants": {
    "\u03c6": {
      "val": 1.61803,
      "kde": 0.9278619806053685,
      "smooth": 1.1315415329249516,
      "residual": -0.20367955231958312,
      "n_obs": 8,
      "expected": 16.79992364613154,
      "z_excess": -2.1469664109008346
    },
    "e\u22121": {
      "val": 1.71828,
      "kde": 3.159366583062021,
      "smooth": 2.892693222159511,
      "residual": 0.2666733609025096,
      "n_obs": 51,
      "expected": 42.19024891984805,
      "z_excess": 1.356305721261635
    },
    "\u221a\u03c0": {
      "val": 1.77245,
      "kde": 3.3802047411515646,
      "smooth": 3.690369414142512,
      "residual": -0.3101646729909473,
      "n_obs": 51,
      "expected": 53.3824654154996,
      "z_excess": -0.3260823493545754
    },
    "16/9": {
      "val": 1.77778,
      "kde": 3.3838435931505333,
      "smooth": 3.732520970892967,
      "residual": -0.3486773777424337,
      "n_obs": 53,
      "expected": 53.959566927156224,
      "z_excess": -0.13062943344406153
    },
    "4/\u221a5": {
      "val": 1.78885,
      "kde": 3.3781011134226984,
      "smooth": 3.7909667988720055,
      "residual": -0.41286568544930713,
      "n_obs": 53,
      "expected": 54.74611424934379,
      "z_excess": -0.23599130765618487
    },
    "vault_min": {
      "val": 1.816,
      "kde": 3.291504502790776,
      "smooth": 3.749661199571937,
      "residual": -0.458156696781161,
      "n_obs": 47,
      "expected": 54.08248941914854,
      "z_excess": -0.9630694295499074
    },
    "11/6": {
      "val": 1.83333,
      "kde": 3.1945380461146686,
      "smooth": 3.5800627696071565,
      "residual": -0.3855247234924879,
      "n_obs": 48,
      "expected": 51.66242128684573,
      "z_excess": -0.5095430956731921
    },
    "2:1": {
      "val": 2.0,
      "kde": 0.3967834602279629,
      "smooth": 0.3375424377455396,
      "residual": 0.0592410224824233,
      "n_obs": 4,
      "expected": 5.32268941018201,
      "z_excess": -0.5733136922582355
    }
  },
  "corrugated_fit": {
    "x0": 1.817699564684061,
    "k_left": 50.46773066151382,
    "k_right": 141.97919288648154,
    "A_phi": 0.8118962840375678,
    "A_e1": -0.25047549032430666,
    "T": 0.9880992505218461,
    "nll": -203.76197577663794,
    "n_params": 6,
    "converged": true
  },
  "corrugated_vs_smooth_daic": -4.147234070468926,
  "best_model_aic": "Corrugated (6p)",
  "best_model_bic": "Skew-normal (3p)",
  "note": "Corrugated wins AIC (6 params) but skew-normal wins BIC (3 params). Corrugated is best mechanistic model, not best overall model."
}