{
  "n_configs_analyzed": 25,
  "phase_portraits": [
    {
      "K": 1.188888888888889,
      "N": 200,
      "sigma": 0.1,
      "ratio": 1.7770786611075113,
      "final_phases_cached": [
        0.488831363545998,
        3.7235108379190507,
        4.960498141336316,
        1.1557002428343779,
        1.3592826761223833,
        1.0560275262225076,
        2.6181395676703545,
        3.1892809420370867,
        5.9142871297219415,
        2.4517172596861414,
        2.304709957257991,
        3.062546485482521,
        4.928229372085532,
        4.59861160580855,
        3.893245715726863,
        6.236873688509917,
        0.2777649199941905,
        2.3948780741529347,
        0.13117953047377284,
        2.427884417516836,
        1.6848354570280293,
        4.998574014965115,
        5.304031186692086,
        1.9494322047642285,
        3.857118015777523,
        4.471867921312786,
        3.7848035652121723,
        0.6739533225342385,
        1.7791896264543041,
        1.8105953326456543,
        0.46317121346636725,
        2.423557001177855,
        4.383309660958943,
        5.094798156357697,
        3.0761164878384974,
        4.20140703155414,
        0.5388127080688889,
        4.830654298796418,
        0.4090094434216738,
        1.9566565937011688,
        5.255442350233537,
        2.4430626339286476,
        2.3867707673318748,
        6.271198927672451,
        3.739009967778003,
        3.887215018226044,
        5.634869213527708,
        2.4811644596625655,
        0.31779546401763525,
        2.2726869704190946,
        3.9340793880967553,
        0.3672689315846469,
        3.9792186265847533,
        2.694006295621314,
        1.2909723228569163,
        1.419629407008884,
        3.562232268224406,
        3.587409566072175,
        3.4043087557425054,
        5.0860870075796925,
        4.23223154576872,
        2.835171657647507,
        4.083419889132202,
        1.1659527356626356,
        5.685951178412999,
        5.500563495773605,
        5.9330509615355425,
        1.9434480160842753,
        0.9216154388355093,
        1.9311351639904828,
        3.027383316437124,
        3.5459294975726507,
        6.225018401096214,
        3.663878897526345,
        5.322959422891067,
        3.106449972083823,
        5.6042041606580995,
        0.006050774966794847,
        6.282614948471675,
        1.7934430008032436,
        1.4161414846436173,
        4.778986305694822,
        4.126724388338133,
        5.869127632431926,
        5.404455705332161,
        0.6086152179432318,
        0.7391571542160449,
        5.275901870926518,
        5.092022240929133,
        5.138014026749659,
        4.036533531679233,
        4.522306024463049,
        4.838348999586906,
        4.0551328695526365,
        2.500998451216603,
        2.305941875988445,
        4.4520195491389245,
        5.940256137295705,
        5.434419596499552,
        1.846002223577301,
        1.9112745874846908,
        2.6892274492158634,
        2.779632728337809,
        4.552699998636342,
        2.3991742842390096,
        1.5745314899664251,
        2.193647845759216,
        1.4805066063166663,
        4.581311362064852,
        4.284720005004544,
        0.36842051071688786,
        0.4295253237318022,
        2.6249869599721194,
        0.2833076089009836,
        1.5074792879589722,
        0.39641731882634446,
        2.100179342939967,
        3.0302115861027517,
        1.7161545886070684,
        1.206075899457879,
        0.5876273094578792,
        3.729762925428318,
        3.420353372135736,
        0.6102496179895951,
        0.5433467996218724,
        2.004941154058635,
        4.082377955021165,
        5.037256126472727,
        1.4494953992305781,
        1.335935568888921,
        1.5224564993454734,
        1.2474736473148553,
        0.9121195599348297,
        5.336410433520541,
        5.424312492112065,
        4.375251150207447,
        4.873364595551706,
        1.2044930543847059,
        2.8885992777711564,
        1.449950007552225,
        2.4864587734533856,
        5.084302382576176,
        1.5862669923941723,
        6.210735793016404,
        5.843556898009126,
        6.132220972338146,
        1.1048089283444327,
        3.3265454929854954,
        3.254489907966061,
        6.019438953772948,
        0.2102384843834102,
        0.3737155264223162,
        5.905646340345555,
        3.825098415428009,
        1.271902278329506,
        3.71440285588006,
        1.7850333925447899,
        4.880658630606277,
        4.729713029474006,
        3.1477230430420846,
        4.7026028724473505,
        3.830033276003938,
        0.8876957080153858,
        4.06690858412248,
        0.6154704839724232,
        1.2805206866183028,
        1.2401948493531663,
        1.7906755323846397,
        1.3918719457458764,
        1.9068507845590617,
        4.623573261709367,
        0.721702235311831,
        4.434848300031007,
        6.034832237224144,
        6.004543154349271,
        4.219723664242757,
        4.680843778879414,
        1.441891193948571,
        0.32879790208417603,
        6.09069211132563,
        0.6985666772654611,
        1.5326273783265378,
        4.110114170198159,
        0.4708775396162892,
        3.960455469676681,
        2.488675590962181,
        0.8926770234885311,
        3.5747762173380266,
        4.767640733596316,
        2.183995087772047,
        1.9825766490631977,
        3.8362891304896465,
        4.661447678935659,
        1.4725390130786877,
        2.2363306156239062,
        0.4710195839946252,
        1.4126983937725868,
        6.124780077647614,
        1.5220996617194302,
        5.1250484390016595
      ],
      "r_order": 0.051198970173879595,
      "circular_stats": {
        "r": 0.051198970173879595,
        "mean_angle": 1.3205891207479348,
        "circular_variance": 0.9488010298261204,
        "kappa": 0.10253250271000881
      },
      "n_clusters": 1,
      "cluster_sizes": [
        200
      ]
    },
    {
      "K": 3.366666666666667,
      "N": 100,
      "sigma": 0.01,
      "ratio": 1.7955071121158963,