{
  "noble_numbers": {
    "\u03c6 [1;1\u0304]": 1.618033988749895,
    "[1;2,1\u0304]": 1.381966011250105,
    "[1;3,1\u0304]": 1.276393202250021,
    "[2;1\u0304]": 2.618033988749895,
    "\u221a2 [1;2\u0304]": 1.4142135623730951,
    "e-1": 1.718281828459045,
    "2": 2.0
  },
  "mean_skl": {
    "\u03c6 [1;1\u0304]": 0.006954341405650339,
    "[1;2,1\u0304]": 0.005751528068657374,
    "[1;3,1\u0304]": 0.004638879470731963,
    "[2;1\u0304]": 0.00808892850240747,
    "\u221a2 [1;2\u0304]": 0.005972234906306102,
    "e-1": 0.007676789112780004,
    "2": 0.0076700789237995485
  },
  "best_noble": "[1;3,1\u0304]",
  "pairwise_vs_phi": {
    "[1;2,1\u0304]": {
      "mean_diff": 0.0012001151585192891,
      "ci": [
        0.0006886229637845696,
        0.001711729688557225
      ],
      "significant": true,
      "direction": "other better"
    },
    "[1;3,1\u0304]": {
      "mean_diff": 0.0023049097467884422,
      "ci": [
        0.0018145421079303254,
        0.002775304556190023
      ],
      "significant": true,
      "direction": "other better"
    },
    "[2;1\u0304]": {
      "mean_diff": -0.0011290504310462785,
      "ci": [
        -0.0017439250036537911,
        -0.0003858094821135387
      ],
      "significant": true,
      "direction": "\u03c6 better"
    },
    "\u221a2 [1;2\u0304]": {
      "mean_diff": 0.00098806180388768,
      "ci": [
        0.000574616197617526,
        0.0014109377899652624
      ],
      "significant": true,
      "direction": "other better"
    },
    "e-1": {
      "mean_diff": -0.0007259155154183168,
      "ci": [
        -0.0014030593445422638,
        -5.909668175996245e-05
      ],
      "significant": true,
      "direction": "\u03c6 better"
    },
    "2": {
      "mean_diff": -0.0006932394121576233,
      "ci": [
        -0.0012423526836262536,
        -0.00011744110560855455
      ],
      "significant": true,
      "direction": "\u03c6 better"
    }
  },
  "phi_uniquely_best": false,
  "n_configs": 25,
  "n_valid": 25,
  "parameters": {
    "N_osc": 100,
    "base_window": 0.01,
    "n_rungs": 7,
    "n_bins": 100,
    "n_boot": 2000
  }
}