{
  "n_subjects": 35,
  "ratio_med_mean": 1.604188730607817,
  "ratio_think_mean": 1.6430534825427252,
  "ratio_diff_mean": -0.038864751934908,
  "t_ratio": -1.7824916833816062,
  "p_ratio": 0.0836012643244963,
  "cohens_d_ratio": -0.3056948017282343,
  "pci_med_mean": 1.3559013061382736,
  "pci_think_mean": 1.3253642322846857,
  "t_pci": 0.0991748689960094,
  "p_pci": 0.9215818656794799,
  "cohens_d_pci": 0.017008349714509277,
  "phi_org_med_pct": 94.28571428571428,
  "phi_org_think_pct": 80.0
}