{
  "empirical": {
    "N": 244,
    "mean": 1.7783112468399898,
    "sd": 0.10805215493385667,
    "skew": -0.4154735757043551,
    "kurtosis": 0.4941976065606073,
    "median": 1.7821160819609672
  },
  "analytical_estimate": {
    "asymmetry_ratio": 20.614860551861817,
    "k_left": 1030.7430275930908,
    "k_right": 50.0,
    "T": 6.3089823435685,
    "x0": 1.718281828459045,
    "predicted_mean": 1.7783112468399898,
    "predicted_sd": 0.2571968671862574
  },
  "vault_fit": {
    "x0": 1.8156092947323488,
    "k_left": 52.596352308979384,
    "k_right": 127.60929834635193,
    "T": 0.889029647134423,
    "nll": -199.68835874140348,
    "n_params": 4,
    "converged": true
  },
  "simulation": {
    "mean": 1.7775061212789283,
    "sd": 0.11064699943786309,
    "skew": -0.298920091630298
  },
  "model_comparison": {
    "Gaussian @ \u03c6": {
      "aic": -107.90984306189101,
      "bic": -104.4126748365978,
      "delta_aic": 286.4357008978525
    },
    "Gaussian @ e-1": {
      "aic": -326.5578789049317,
      "bic": -323.06071067963853,
      "delta_aic": 67.78766505481178
    },
    "Vault (asym well)": {
      "aic": -391.37671748280695,
      "bic": -377.3880445816341,
      "delta_aic": 2.968826476936556
    },
    "Skew-normal": {
      "aic": -394.3455439597435,
      "bic": -383.8540392838639,
      "delta_aic": 0.0
    },
    "GMM (2-comp)": {
      "aic": -388.41788173290433,
      "bic": -370.9320406064383,
      "delta_aic": 5.927662226839175
    }
  },
  "best_model_aic": "Skew-normal",
  "best_model_bic": "Skew-normal"
}